client-2,1746708928369557955,4050687652553,79381,ACK:client-2
client-4,1746708928369710907,4050687832527,106328,ACK:client-4
client-6,1746708928370200489,4050688367236,151420,ACK:client-6
client-5,1746708928369889289,4050687976225,71665,ACK:client-5
client-1,1746708928369150380,4050687947029,781463,ACK:client-1
client-7,1746708928370573186,4050688786370,198236,ACK:client-7
client-3,1746708928369150342,4050687424240,258697,ACK:client-3
client-8,1746708928371353979,4050689598249,228932,ACK:client-8
client-10,1746708928371983016,4050690468214,470026,ACK:client-10
client-9,1746708928371354002,4050689473181,104063,ACK:client-9
client-11,1746708928372788099,4050690945634,142562,ACK:client-11
client-12,1746708928372788115,4050690866183,63199,ACK:client-12
client-14,1746708928374346501,4050692713500,351944,ACK:client-14
client-18,1746708928375640009,4050694291044,635730,ACK:client-18
client-13,1746708928374346529,4050692752279,390714,ACK:client-13
client-15,1746708928375346346,4050693473902,112393,ACK:client-15
client-25,1746708928377764499,4050696064079,284280,ACK:client-25
client-16,1746708928375565166,4050693665131,84686,ACK:client-16
client-21,1746708928377542972,4050696075096,516805,ACK:client-21
client-24,1746708928377556413,4050695902373,330704,ACK:client-24
client-19,1746708928377565428,4050695955193,374474,ACK:client-19
client-20,1746708928377467204,4050696133790,651448,ACK:client-20
client-17,1746708928375565274,4050696180149,2599597,ACK:client-17
client-22,1746708928377578336,4050698360313,2766715,ACK:client-22
client-33,1746708928380474168,4050698552939,63574,ACK:client-33
client-26,1746708928380259712,4050698410131,135098,ACK:client-26
client-32,1746708928380255739,4050698527928,256950,ACK:client-32
client-28,1746708928380259699,4050698453657,178634,ACK:client-28
client-23,1746708928380133577,4050698654796,506421,ACK:client-23
client-42,1746708928384341388,4050706426363,4069633,ACK:client-42
client-37,1746708928386165001,4050706380468,2200193,ACK:client-37
client-36,1746708928385593958,4050707352496,3743271,ACK:client-36
client-50,1746708928390549014,4050708744630,180324,ACK:client-50
client-41,1746708928389278562,4050708763944,1470128,ACK:client-41
client-53,1746708928390052534,4050708802591,734789,ACK:client-53
client-30,1746708928382837678,4050711299972,10447137,ACK:client-30
client-51,1746708928388314793,4050709696852,3366902,ACK:client-51
client-29,1746708928384632615,4050710633962,7986052,ACK:client-29
client-55,1746708928390370750,4050710952882,2566840,ACK:client-55
client-48,1746708928388769109,4050709975672,3191269,ACK:client-48
client-47,1746708928389861997,4050709293673,1416366,ACK:client-47
client-34,1746708928383031602,4050712164126,11117209,ACK:client-34
client-31,1746708928383857565,4050710604552,8731692,ACK:client-31
client-44,1746708928389911833,4050712124808,4197677,ACK:client-44
client-58,1746708928393227046,4050712610440,1368135,ACK:client-58
client-43,1746708928390716206,4050709464075,732577,ACK:client-43
client-27,1746708928380274465,4050711892901,13603143,ACK:client-27
client-46,1746708928389860162,4050712716212,4840759,ACK:client-46
client-45,1746708928393764759,4050712653413,873389,ACK:client-45
client-60,1746708928391876986,4050712123218,2230977,ACK:client-60
client-49,1746708928391895380,4050713462301,3551684,ACK:client-49
client-40,1746708928388769155,4050713503956,6719496,ACK:client-40
client-38,1746708928394069252,4050712685801,601303,ACK:client-38
client-57,1746708928395405701,4050714359091,938072,ACK:client-57
client-61,1746708928393227034,4050714361607,3119383,ACK:client-61
client-62,1746708928394561210,4050714013019,1436520,ACK:client-62
client-35,1746708928390665980,4050714162621,5481362,ACK:client-35
client-56,1746708928395170049,4050714341684,1156339,ACK:client-56
client-39,1746708928391528852,4050714197623,4653565,ACK:client-39
client-52,1746708928394978879,4050714226230,1232050,ACK:client-52
client-65,1746708928397127494,4050717377949,2235154,ACK:client-65
client-59,1746708928396819147,4050717128067,2293755,ACK:client-59
client-64,1746708928399288782,4050718450603,1146538,ACK:client-64
client-54,1746708928396819281,4050718792742,3958318,ACK:client-54
client-63,1746708928398101968,4050719421613,3304549,ACK:client-63
client-66,1746708928399288818,4050718524226,1220136,ACK:client-66
client-68,1746708928400348899,4050719823413,1459383,ACK:client-68
client-75,1746708928401767176,4050720063538,281056,ACK:client-75
client-67,1746708928400370795,4050721066788,2680676,ACK:client-67
client-73,1746708928401767322,4050720096299,313803,ACK:client-73
client-72,1746708928403017085,4050721099614,67234,ACK:client-72
client-71,1746708928401909802,4050721121751,1196726,ACK:client-71
client-69,1746708928402808782,4050720992898,168748,ACK:client-69
client-76,1746708928402568094,4050721993311,1409949,ACK:client-76
client-74,1746708928403937280,4050722290081,337605,ACK:client-74
client-70,1746708928404280038,4050722406329,111047,ACK:client-70
client-77,1746708928406728490,4050725495085,751361,ACK:client-77
client-79,1746708928407441913,4050725798136,340997,ACK:client-79
client-81,1746708928406733113,4050725893030,1144608,ACK:client-81
client-80,1746708928407040627,4050725847301,791550,ACK:client-80
client-83,1746708928407258870,4050726492002,1217859,ACK:client-83
client-82,1746708928407016841,4050726761091,1729027,ACK:client-82
client-84,1746708928409495780,4050728417718,906977,ACK:client-84
client-78,1746708928406728463,4050727571662,2827931,ACK:client-78
client-86,1746708928410543849,4050728633107,74112,ACK:client-86
client-98,1746708928413114435,4050732026631,896933,ACK:client-98
client-87,1746708928409495735,4050732257801,4747062,ACK:client-87
client-95,1746708928413266983,4050732206815,924492,ACK:client-95
client-92,1746708928411633267,4050732136361,2487837,ACK:client-92
client-99,1746708928413397711,4050732177276,764264,ACK:client-99
client-85,1746708928411076763,4050734190969,5098983,ACK:client-85
client-90,1746708928413106898,4050734257747,3135648,ACK:client-90
client-103,1746708928416214431,4050734551526,321791,ACK:client-103
client-101,1746708928414919298,4050734571337,1636773,ACK:client-101
client-93,1746708928414919385,4050734310672,1376065,ACK:client-93
client-88,1746708928411076756,4050734365995,5274039,ACK:client-88
client-102,1746708928415911046,4050734620654,694317,ACK:client-102
client-91,1746708928417209536,4050735385949,161404,ACK:client-91
client-97,1746708928412854182,4050735539928,4670618,ACK:client-97
client-89,1746708928412854208,4050735419310,4549865,ACK:client-89
client-94,1746708928414936532,4050735520670,2568846,ACK:client-94
client-104,1746708928415911030,4050735128474,1202101,ACK:client-104
client-100,1746708928415567440,4050735407352,1824651,ACK:client-100
client-108,1746708928419253713,4050738729709,1460728,ACK:client-108
client-106,1746708928420480085,4050740033909,1538544,ACK:client-106
client-109,1746708928420480076,4050740097599,1602281,ACK:client-109
client-96,1746708928419564576,4050740343903,2764108,ACK:client-96
client-107,1746708928418253016,4050739765278,3497241,ACK:client-107
client-105,1746708928418772815,4050740110817,3322993,ACK:client-105
client-112,1746708928422976540,4050742351267,1359500,ACK:client-112
client-111,1746708928422817685,4050743133737,2301189,ACK:client-111
client-115,1746708928423518386,4050747044836,5511229,ACK:client-115
client-113,1746708928424040412,4050747472001,5416357,ACK:client-113
client-117,1746708928429602287,4050747682187,64640,ACK:client-117
client-118,1746708928427378641,4050747528623,2134774,ACK:client-118
client-110,1746708928423675860,4050747716296,6025153,ACK:client-110
client-114,1746708928424006143,4050748526586,6505219,ACK:client-114
client-116,1746708928425310732,4050747979001,4652940,ACK:client-116
client-120,1746708928429207927,4050747764013,540950,ACK:client-120
client-122,1746708928430704359,4050750138310,1419032,ACK:client-122
client-124,1746708928433867994,4050752354572,471342,ACK:client-124
client-119,1746708928431809563,4050751947101,2122289,ACK:client-119
client-123,1746708928432271947,4050752396171,2108979,ACK:client-123
client-131,1746708928434967657,4050753068280,85331,ACK:client-131
client-127,1746708928435085698,4050753137424,36515,ACK:client-127
client-121,1746708928432750246,4050752448188,1682781,ACK:client-121
client-125,1746708928433837155,4050752483800,631398,ACK:client-125
client-126,1746708928433756949,4050753506716,1734529,ACK:client-126
client-128,1746708928433756858,4050754146400,2374265,ACK:client-128
client-132,1746708928435439283,4050755978416,2523892,ACK:client-132
client-129,1746708928437786631,4050756630187,828304,ACK:client-129
client-133,1746708928438630640,4050756784433,138465,ACK:client-133
client-134,1746708928438698397,4050756759744,46127,ACK:client-134
client-130,1746708928437703759,4050757600633,1881930,ACK:client-130
client-140,1746708928440626151,4050758964721,323221,ACK:client-140
client-137,1746708928439687350,4050759406609,1703974,ACK:client-137
client-143,1746708928442234347,4050761702835,1453550,ACK:client-143
client-148,1746708928443651900,4050761739151,72021,ACK:client-148
client-138,1746708928443760959,4050762692313,916100,ACK:client-138
client-139,1746708928440807301,4050762776643,3954042,ACK:client-139
client-136,1746708928444338216,4050763028096,674585,ACK:client-136
client-146,1746708928444308161,4050763345438,1022289,ACK:client-146
client-145,1746708928446498526,4050765459629,945971,ACK:client-145
client-135,1746708928442300016,4050765503303,5188063,ACK:client-135
client-142,1746708928444101302,4050765540848,3424323,ACK:client-142
client-144,1746708928447411897,4050765850792,423589,ACK:client-144
client-147,1746708928443299123,4050766244785,4930397,ACK:client-147
client-141,1746708928446863229,4050766191127,1312573,ACK:client-141
client-151,1746708928445629540,4050766306951,2662180,ACK:client-151
client-153,1746708928448145821,4050766346010,184977,ACK:client-153
client-150,1746708928448148700,4050766442288,278309,ACK:client-150
client-149,1746708928443717420,4050766760880,5028181,ACK:client-149
client-152,1746708928447411917,4050766961743,1534562,ACK:client-152
client-158,1746708928450621431,4050768979999,343276,ACK:client-158
client-156,1746708928451188400,4050769326845,123182,ACK:client-156
client-157,1746708928450506356,4050768955237,433795,ACK:client-157
client-155,1746708928451980689,4050770447206,451739,ACK:client-155
client-159,1746708928451980233,4050770418312,422779,ACK:client-159
client-160,1746708928451980542,4050770565451,569989,ACK:client-160
client-154,1746708928450506372,4050769898854,1377250,ACK:client-154
client-163,1746708928453400035,4050771920264,504987,ACK:client-163
client-164,1746708928453767127,4050771967183,184786,ACK:client-164
client-161,1746708928453822437,4050772049643,211869,ACK:client-161
client-162,1746708928453400043,4050771914675,499383,ACK:client-162
client-165,1746708928454106303,4050772208749,87390,ACK:client-165
client-166,1746708928456266604,4050774575701,293982,ACK:client-166
client-167,1746708928456266623,4050774556031,274279,ACK:client-167
client-173,1746708928459171668,4050778528731,1341978,ACK:client-173
client-172,1746708928459445209,4050779300922,1840470,ACK:client-172
client-174,1746708928460166723,4050779299954,1118158,ACK:client-174
client-171,1746708928457660405,4050778504657,2829028,ACK:client-171
client-175,1746708928460449747,4050778977140,512134,ACK:client-175
client-169,1746708928457637977,4050779253377,3600060,ACK:client-169
client-179,1746708928461930466,4050780063375,118078,ACK:client-179
client-177,1746708928461917068,4050780123822,191619,ACK:client-177
client-170,1746708928457382176,4050779038684,3641346,ACK:client-170
client-184,1746708928462702088,4050781012042,294680,ACK:client-184
client-178,1746708928461471746,4050780218188,731252,ACK:client-178
client-168,1746708928457291193,4050780159381,4853200,ACK:client-168
client-185,1746708928463407970,4050781620227,196952,ACK:client-185
client-182,1746708928462659762,4050781131031,456021,ACK:client-182
client-183,1746708928463497776,4050781690920,177852,ACK:client-183
client-176,1746708928462659794,4050781735563,1060508,ACK:client-176
client-188,1746708928464375500,4050782468913,78177,ACK:client-188
client-187,1746708928464417339,4050782791159,358504,ACK:client-187
client-186,1746708928464667428,4050782782375,99656,ACK:client-186
client-190,1746708928465449428,4050783754722,290051,ACK:client-190
client-181,1746708928464484582,4050783158961,659135,ACK:client-181
client-180,1746708928465882037,4050784335412,438103,ACK:client-180
client-189,1746708928466479460,4050785039404,544662,ACK:client-189
client-192,1746708928466406415,4050785102890,681142,ACK:client-192
client-191,1746708928466191480,4050784300505,93768,ACK:client-191
client-193,1746708928468473833,4050787615324,1126211,ACK:client-193
client-194,1746708928472124620,4050790187429,47592,ACK:client-194
client-198,1746708928471829891,4050789903069,57883,ACK:client-198
client-199,1746708928472209401,4050790287199,62597,ACK:client-199
client-200,1746708928473679311,4050792523999,829534,ACK:client-200
client-202,1746708928474196606,4050793026005,814169,ACK:client-202
client-197,1746708928472949275,4050794996017,4031697,ACK:client-197
client-201,1746708928476176786,4050794290804,98663,ACK:client-201
client-203,1746708928476107094,4050794293058,170768,ACK:client-203
client-204,1746708928476868369,4050795961486,1077824,ACK:client-204
client-195,1746708928470818657,4050794341795,5507894,ACK:client-195
client-205,1746708928477519730,4050796179868,644857,ACK:client-205
client-196,1746708928478397190,4050798348079,1935613,ACK:client-196
client-209,1746708928480261051,4050798438776,162550,ACK:client-209
client-206,1746708928479198809,4050798460808,1246724,ACK:client-206
client-212,1746708928481271257,4050799978237,691713,ACK:client-212
client-210,1746708928481906912,4050800148117,225998,ACK:client-210
client-211,1746708928481926591,4050800166081,224198,ACK:client-211
client-207,1746708928481589535,4050800927818,1322982,ACK:client-207
client-208,1746708928481390492,4050801129419,1723711,ACK:client-208
client-213,1746708928483038114,4050801289030,235579,ACK:client-213
client-215,1746708928484436120,4050803200933,749555,ACK:client-215
client-216,1746708928484917717,4050803224469,291487,ACK:client-216
client-217,1746708928487740123,4050806036828,281435,ACK:client-217
client-219,1746708928487496538,4050806068577,556800,ACK:client-219
client-218,1746708928486663926,4050804843566,164533,ACK:client-218
client-220,1746708928487686027,4050805760744,59429,ACK:client-220
client-223,1746708928490607872,4050808725289,102249,ACK:client-223
client-224,1746708928490713245,4050808851350,122814,ACK:client-224
client-214,1746708928485029400,4050803681379,636779,ACK:client-214
client-222,1746708928493181638,4050812604858,1408156,ACK:client-222
client-230,1746708928494655762,4050812721493,50537,ACK:client-230
client-228,1746708928494672466,4050812805094,117507,ACK:client-228
client-231,1746708928494374318,4050812764561,375007,ACK:client-231
client-227,1746708928494369320,4050812603740,219833,ACK:client-227
client-233,1746708928496798014,4050815044329,231137,ACK:client-233
client-234,1746708928497358151,4050815623649,250257,ACK:client-234
client-221,1746708928488324215,4050806401218,61690,ACK:client-221
client-235,1746708928497360384,4050815914280,538627,ACK:client-235
client-240,1746708928500459920,4050818572855,97898,ACK:client-240
client-239,1746708928500650683,4050818834955,169030,ACK:client-239
client-242,1746708928501731825,4050820078795,331868,ACK:client-242
client-244,1746708928503364151,4050821739105,359661,ACK:client-244
client-238,1746708928503180922,4050821760637,564437,ACK:client-238
client-243,1746708928502723015,4050821207808,469544,ACK:client-243
client-247,1746708928505013802,4050823284248,255389,ACK:client-247
client-225,1746708928492319136,4050810481286,147014,ACK:client-225
client-236,1746708928498060811,4050816366070,290002,ACK:client-236
client-245,1746708928504263500,4050823526177,1248339,ACK:client-245
client-237,1746708928498300449,4050816753973,438250,ACK:client-237
client-232,1746708928494740914,4050813232869,478939,ACK:client-232
client-248,1746708928509264900,4050828106822,826908,ACK:client-248
client-229,1746708928495692641,4050814316102,608442,ACK:client-229
client-226,1746708928495692732,4050814358831,650906,ACK:client-226
client-249,1746708928509891890,4050828242792,335597,ACK:client-249
client-250,1746708928508692387,4050828271218,1563530,ACK:client-250
client-255,1746708928509747364,4050829557490,1795812,ACK:client-255
client-261,1746708928511953150,4050830827359,858897,ACK:client-261
client-251,1746708928509026529,4050829300953,2259152,ACK:client-251
client-246,1746708928508673407,4050829599702,2911587,ACK:client-246
client-253,1746708928510130782,4050830011048,1865992,ACK:client-253
client-262,1746708928512044339,4050831315786,1256169,ACK:client-262
client-257,1746708928511242115,4050829824078,566930,ACK:client-257
client-241,1746708928500935708,4050820008389,1057425,ACK:client-241
client-266,1746708928513953657,4050832683090,714173,ACK:client-266
client-256,1746708928513821579,4050832330725,494229,ACK:client-256
client-273,1746708928516879950,4050835586389,691135,ACK:client-273
client-259,1746708928514263802,4050836218033,3939499,ACK:client-259
client-263,1746708928517703449,4050837884483,2166090,ACK:client-263
client-268,1746708928518035690,4050839291598,3240670,ACK:client-268
client-254,1746708928518413014,4050838060601,1632354,ACK:client-254
client-272,1746708928516535968,4050837856832,3305598,ACK:client-272
client-267,1746708928519272624,4050839341218,2053358,ACK:client-267
client-264,1746708928516535815,4050837911760,3360662,ACK:client-264
client-260,1746708928511949285,4050839389255,9424730,ACK:client-260
client-270,1746708928516607934,4050837956352,3333074,ACK:client-270
client-289,1746708928523377055,4050841978330,585982,ACK:client-289
client-283,1746708928521828238,4050842278674,2435193,ACK:client-283
client-290,1746708928523355001,4050841956157,585871,ACK:client-290
client-274,1746708928518998834,4050838673143,1659096,ACK:client-274
client-286,1746708928523470869,4050841930300,444130,ACK:client-286
client-276,1746708928519280738,4050838711636,1415611,ACK:client-276
client-282,1746708928523034321,4050842007593,958108,ACK:client-282
client-279,1746708928519284165,4050838746859,1447386,ACK:client-279
client-269,1746708928524673402,4050843098723,410081,ACK:client-269
client-275,1746708928519791995,4050838781316,974028,ACK:client-275
client-285,1746708928521499566,4050841195203,1680266,ACK:client-285
client-280,1746708928519798862,4050838814802,1000707,ACK:client-280
client-281,1746708928521229618,4050841142801,1897940,ACK:client-281
client-258,1746708928513821153,4050839133627,7297187,ACK:client-258
client-252,1746708928515553513,4050839217797,5648972,ACK:client-252
client-277,1746708928525203591,4050843921177,703799,ACK:client-277
client-271,1746708928519879550,4050841527468,3632635,ACK:client-271
client-288,1746708928524954469,4050843411818,442187,ACK:client-288
client-278,1746708928521197309,4050841616547,2404249,ACK:client-278
client-292,1746708928524798454,4050843550786,737102,ACK:client-292
client-293,1746708928524925862,4050843850859,909776,ACK:client-293
client-284,1746708928526739104,4050845323572,569410,ACK:client-284
client-287,1746708928526945226,4050847610490,2650130,ACK:client-287
client-294,1746708928528425907,4050848119368,1678221,ACK:client-294
client-295,1746708928529643767,4050848247565,588605,ACK:client-295
client-291,1746708928527483234,4050847740876,2242466,ACK:client-291
client-297,1746708928528960717,4050848152351,1176364,ACK:client-297
client-265,1746708928522025253,4050842995211,2954972,ACK:client-265
client-298,1746708928531106626,4050849209103,87266,ACK:client-298
client-296,1746708928529898363,4050847997847,84202,ACK:client-296
client-299,1746708928530761109,4050849790891,1014557,ACK:client-299
client-302,1746708928535088713,4050858941463,5837525,ACK:client-302
client-304,1746708928533853493,4050858983435,7114796,ACK:client-304
client-322,1746708928541484142,4050859667101,167862,ACK:client-322
client-321,1746708928539793399,4050859711156,1902495,ACK:client-321
client-313,1746708928537693073,4050861510517,5802259,ACK:client-313
client-310,1746708928538839967,4050861466110,4610929,ACK:client-310
client-319,1746708928543738220,4050862125019,371611,ACK:client-319
client-300,1746708928532499341,4050862975144,12460582,ACK:client-300
client-332,1746708928545207996,4050863314532,91433,ACK:client-332
client-308,1746708928545073882,4050864645705,1556621,ACK:client-308
client-314,1746708928546201098,4050864684007,467678,ACK:client-314
client-312,1746708928547224185,4050865363690,124276,ACK:client-312
client-340,1746708928546920339,4050865391675,456086,ACK:client-340
client-316,1746708928547488273,4050865582441,78839,ACK:client-316
client-311,1746708928539811773,4050865748188,7921142,ACK:client-311
client-339,1746708928547942890,4050866065640,107521,ACK:client-339
client-301,1746708928531744713,4050865840764,16080859,ACK:client-301
client-305,1746708928534381942,4050865888521,13491357,ACK:client-305
client-306,1746708928536318743,4050865936178,11602340,ACK:client-306
client-329,1746708928542918624,4050865793542,4859780,ACK:client-329
client-303,1746708928548419950,4050866523507,88267,ACK:client-303
client-334,1746708928549880328,4050868048255,152708,ACK:client-334
client-346,1746708928549953283,4050868057496,88975,ACK:client-346
client-338,1746708928550089654,4050868192296,87374,ACK:client-338
client-337,1746708928550279494,4050868362824,68151,ACK:client-337
client-336,1746708928551158637,4050869230417,57118,ACK:client-336
client-342,1746708928551099828,4050869460897,345961,ACK:client-342
client-324,1746708928551250794,4050869497947,231913,ACK:client-324
client-351,1746708928552772058,4050870927460,140396,ACK:client-351
client-349,1746708928553805103,4050872283628,463321,ACK:client-349
client-354,1746708928553804902,4050872318753,498611,ACK:client-354
client-347,1746708928555351269,4050873470435,104058,ACK:client-347
client-355,1746708928555520765,4050873678888,143075,ACK:client-355
client-356,1746708928554556755,4050874065346,1493398,ACK:client-356
client-315,1746708928555592806,4050873741827,133951,ACK:client-315
client-330,1746708928556435500,4050874530787,80167,ACK:client-330
client-343,1746708928556759476,4050874860447,85711,ACK:client-343
client-323,1746708928556578260,4050874669490,75944,ACK:client-323
client-333,1746708928556320612,4050874566528,230684,ACK:client-333
client-345,1746708928557593412,4050875735447,126848,ACK:client-345
client-360,1746708928559621717,4050878107927,470965,ACK:client-360
client-344,1746708928559769977,4050881382859,3597756,ACK:client-344
client-374,1746708928562867423,4050881639387,756798,ACK:client-374
client-326,1746708928562948216,4050882083369,1119907,ACK:client-326
client-368,1746708928559488964,4050882046872,4542793,ACK:client-368
client-341,1746708928562677225,4050882119676,1427499,ACK:client-341
client-307,1746708928541578489,4050882362574,22768834,ACK:client-307
client-318,1746708928559488724,4050882156658,4652711,ACK:client-318
client-348,1746708928562269603,4050882226771,1941900,ACK:client-348
client-367,1746708928561317435,4050882264064,2931615,ACK:client-367
client-362,1746708928561829197,4050882302201,2457775,ACK:client-362
client-309,1746708928562269552,4050882342473,2057681,ACK:client-309
client-366,1746708928564848699,4050882950501,86671,ACK:client-366
client-359,1746708928563163810,4050882378515,1199494,ACK:client-359
client-365,1746708928559322403,4050881621437,4284021,ACK:client-365
client-352,1746708928564676908,4050882978686,287003,ACK:client-352
client-350,1746708928565036936,4050883295605,244914,ACK:client-350
client-361,1746708928565180966,4050883340193,143989,ACK:client-361
client-327,1746708928565192427,4050883302937,95234,ACK:client-327
client-317,1746708928549619191,4050883264200,15630056,ACK:client-317
client-335,1746708928551700641,4050883344648,13628747,ACK:client-335
client-378,1746708928566284814,4050884404943,104847,ACK:client-378
client-385,1746708928567405775,4050885753420,332473,ACK:client-385
client-325,1746708928567393581,4050885811600,402804,ACK:client-325
client-383,1746708928567301982,4050885783789,466574,ACK:client-383
client-386,1746708928567868431,4050885963227,79837,ACK:client-386
client-388,1746708928569533573,4050887844908,296215,ACK:client-388
client-363,1746708928569599227,4050887742485,128020,ACK:client-363
client-328,1746708928553874881,4050887081160,15190984,ACK:client-328
client-320,1746708928569600996,4050887848950,232939,ACK:client-320
client-390,1746708928570815877,4050888990019,158847,ACK:client-390
client-384,1746708928571043289,4050889198040,139488,ACK:client-384
client-364,1746708928570777649,4050888970076,177220,ACK:client-364
client-357,1746708928569573095,4050889378614,1790336,ACK:client-357
client-331,1746708928572211058,4050890485897,259690,ACK:client-331
client-370,1746708928573121896,4050891227921,90774,ACK:client-370
client-393,1746708928573380017,4050891475352,80080,ACK:client-393
client-372,1746708928574912557,4050894110091,1182320,ACK:client-372
client-396,1746708928574458798,4050894075638,1601570,ACK:client-396
client-395,1746708928574435856,4050895291791,2840643,ACK:client-395
client-353,1746708928578551989,4050897860852,1293570,ACK:client-353
client-369,1746708928576554522,4050898016944,3447252,ACK:client-369
client-377,1746708928574159368,4050897263473,5088913,ACK:client-377
client-376,1746708928577109093,4050898085418,2961101,ACK:client-376
client-375,1746708928576746972,4050898097833,3335588,ACK:client-375
client-358,1746708928578263460,4050898143302,1866233,ACK:client-358
client-394,1746708928579546647,4050898059994,498416,ACK:client-394
client-389,1746708928579280898,4050897990172,694030,ACK:client-389
client-398,1746708928580046572,4050898182012,120198,ACK:client-398
client-381,1746708928580524243,4050898611172,71718,ACK:client-381
client-380,1746708928580022729,4050898711732,673758,ACK:client-380
client-371,1746708928578855551,4050898127641,1256896,ACK:client-371
client-391,1746708928574358670,4050899116246,6742309,ACK:client-391
client-373,1746708928577415622,4050898166942,2736078,ACK:client-373
client-397,1746708928581571888,4050899731740,144607,ACK:client-397
client-387,1746708928581672734,4050899805644,117686,ACK:client-387
client-379,1746708928581177160,4050899338667,148662,ACK:client-379
client-382,1746708928581432412,4050899631128,183458,ACK:client-382
client-392,1746708928578998342,4050902894911,5881425,ACK:client-392
client-402,1746708928585055475,4050903416190,345515,ACK:client-402
client-400,1746708928583698590,4050903464772,1750906,ACK:client-400
client-399,1746708928583199588,4050903437577,2222696,ACK:client-399
client-403,1746708928586406938,4050904520265,98097,ACK:client-403
client-401,1746708928585559175,4050904821570,1247189,ACK:client-401
client-404,1746708928587393466,4050905586993,178258,ACK:client-404
client-405,1746708928588129804,4050907581186,1436159,ACK:client-405
client-408,1746708928590913502,4050911743181,2814432,ACK:client-408
client-409,1746708928590913529,4050911699407,2770660,ACK:client-409
client-407,1746708928592232120,4050911594643,1347408,ACK:client-407
client-411,1746708928592975357,4050911782829,792276,ACK:client-411
client-418,1746708928597591028,4050915694796,88527,ACK:client-418
client-417,1746708928597498732,4050915743044,229025,ACK:client-417
client-420,1746708928599273419,4050917538023,249471,ACK:client-420
client-406,1746708928590027294,4050917635806,9593424,ACK:client-406
client-410,1746708928593890751,4050917737321,5831307,ACK:client-410
client-416,1746708928599560472,4050917804207,228502,ACK:client-416
client-421,1746708928599889091,4050918038737,134414,ACK:client-421
client-415,1746708928597190577,4050918326200,3120382,ACK:client-415
client-419,1746708928600183304,4050918595534,397092,ACK:client-419
client-422,1746708928602249693,4050920358485,93796,ACK:client-422
client-414,1746708928596953266,4050919222976,4254477,ACK:client-414
client-413,1746708928595459938,4050919249654,5774558,ACK:client-413
client-425,1746708928604338267,4050922625923,272377,ACK:client-425
client-427,1746708928604735219,4050922893600,143107,ACK:client-427
client-412,1746708928594066794,4050912169615,87667,ACK:client-412
client-430,1746708928606389879,4050924913114,508070,ACK:client-430
client-426,1746708928604004156,4050922146149,127180,ACK:client-426
client-429,1746708928606484733,4050925117265,617275,ACK:client-429
client-423,1746708928605231109,4050923385506,139291,ACK:client-423
client-428,1746708928606453150,4050924870299,402027,ACK:client-428
client-432,1746708928606568025,4050925351560,768313,ACK:client-432
client-433,1746708928607290135,4050925402133,96872,ACK:client-433
client-431,1746708928607154666,4050925282918,113026,ACK:client-431
client-435,1746708928609745075,4050928324528,564233,ACK:client-435
client-436,1746708928609744964,4050928578003,817788,ACK:client-436
client-437,1746708928609325178,4050928404609,1064182,ACK:client-437
client-434,1746708928608834545,4050928625092,1775342,ACK:client-434
client-440,1746708928611104368,4050929304763,185397,ACK:client-440
client-438,1746708928609325176,4050928454536,1114085,ACK:client-438
client-441,1746708928611414461,4050929549679,120068,ACK:client-441
client-424,1746708928608834701,4050928364000,1514123,ACK:client-424
client-443,1746708928612089669,4050930195491,90586,ACK:client-443
client-442,1746708928612229509,4050930316630,71899,ACK:client-442
client-446,1746708928613093929,4050931506596,397435,ACK:client-446
client-445,1746708928612901394,4050931469609,553111,ACK:client-445
client-439,1746708928613324303,4050931483586,144096,ACK:client-439
client-444,1746708928614275563,4050932391140,100406,ACK:client-444
client-447,1746708928614773479,4050933207159,418448,ACK:client-447
client-450,1746708928615964037,4050934147119,167900,ACK:client-450
client-448,1746708928616264343,4050934366522,86986,ACK:client-448
client-449,1746708928617196285,4050935394243,183220,ACK:client-449
client-451,1746708928617903533,4050936095696,176958,ACK:client-451
client-452,1746708928618437640,4050936694875,242005,ACK:client-452
client-453,1746708928618736422,4050936875604,123914,ACK:client-453
client-455,1746708928621574444,4050940228991,640546,ACK:client-455
client-457,1746708928620916697,4050940182869,1251137,ACK:client-457
client-454,1746708928620975598,4050940705094,1714222,ACK:client-454
client-458,1746708928622294001,4050940424796,115548,ACK:client-458
client-456,1746708928620916692,4050940095035,1163250,ACK:client-456
client-459,1746708928622846170,4050941508357,646957,ACK:client-459
client-460,1746708928626458664,4050944601152,127496,ACK:client-460
client-464,1746708928625323090,4050943594393,256312,ACK:client-464
client-462,1746708928626632680,4050944724564,76567,ACK:client-462
client-467,1746708928627528187,4050946106324,562900,ACK:client-467
client-466,1746708928627791480,4050945897925,91216,ACK:client-466
client-468,1746708928627643342,4050945725538,66929,ACK:client-468
client-473,1746708928630010021,4050949225181,1200048,ACK:client-473
client-476,1746708928630039789,4050949607174,1552073,ACK:client-476
client-461,1746708928630394777,4050949788796,1378732,ACK:client-461
client-481,1746708928632473395,4050951054971,566273,ACK:client-481
client-474,1746708928631670188,4050950535012,851009,ACK:client-474
client-475,1746708928632359863,4050951099417,724392,ACK:client-475
client-465,1746708928631904598,4050950603557,683761,ACK:client-465
client-478,1746708928632388823,4050951084872,680782,ACK:client-478
client-463,1746708928633147615,4050951335485,172764,ACK:client-463
client-471,1746708928633876190,4050951991628,100208,ACK:client-471
client-477,1746708928632359820,4050950985132,610069,ACK:client-477
client-479,1746708928634954623,4050953148792,178938,ACK:client-479
client-483,1746708928634680081,4050953207478,512282,ACK:client-483
client-470,1746708928628710257,4050950838812,4113329,ACK:client-470
client-484,1746708928634645858,4050953245444,584414,ACK:client-484
client-480,1746708928636593906,4050954774189,165115,ACK:client-480
client-485,1746708928635840415,4050954282912,427692,ACK:client-485
client-489,1746708928638063893,4050956397127,318077,ACK:client-489
client-469,1746708928636387452,4050956277842,1875346,ACK:client-469
client-490,1746708928638315356,4050957902654,1572033,ACK:client-490
client-495,1746708928638949253,4050957093113,128620,ACK:client-495
client-486,1746708928636037868,4050954353209,300085,ACK:client-486
client-494,1746708928638165624,4050956636464,455592,ACK:client-494
client-499,1746708928641159225,4050959371262,196818,ACK:client-499
client-472,1746708928641414227,4050959810037,380746,ACK:client-472
client-500,1746708928641310996,4050959770490,444328,ACK:client-500
client-487,1746708928638063795,4050956674078,595151,ACK:client-487
client-496,1746708928641391461,4050959846195,439500,ACK:client-496
client-488,1746708928640690426,4050958791192,85485,ACK:client-488
client-492,1746708928642377751,4050961079599,686591,ACK:client-492
client-504,1746708928642857579,4050960979854,107353,ACK:client-504
client-482,1746708928638200504,4050961231057,5015355,ACK:client-482
client-501,1746708928642540893,4050961133648,577485,ACK:client-501
client-491,1746708928641840682,4050961451625,1595641,ACK:client-491
client-493,1746708928639507211,4050958284822,762464,ACK:client-493
client-503,1746708928642425446,4050961545175,1104530,ACK:client-503
client-505,1746708928643823240,4050964067731,2230001,ACK:client-505
client-508,1746708928645386042,4050964765377,1364097,ACK:client-508
client-509,1746708928646520303,4050964632382,96955,ACK:client-509
client-497,1746708928645297022,4050964109583,797404,ACK:client-497
client-502,1746708928647313395,4050967341848,2013192,ACK:client-502
client-511,1746708928647093196,4050967294128,2185649,ACK:client-511
client-516,1746708928648507045,4050967377831,855918,ACK:client-516
client-506,1746708928648116159,4050967406734,1275374,ACK:client-506
client-510,1746708928645297021,4050967298872,3986667,ACK:client-510
client-507,1746708928646805267,4050967438623,2618089,ACK:client-507
client-514,1746708928650106598,4050968244786,122966,ACK:client-514
client-498,1746708928647671540,4050968579660,2892838,ACK:client-498
client-513,1746708928650613077,4050969024582,396210,ACK:client-513
client-519,1746708928650004822,4050968209337,189735,ACK:client-519
client-525,1746708928651219680,4050969350688,115907,ACK:client-525
client-524,1746708928652650439,4050970864392,198769,ACK:client-524
client-530,1746708928652909443,4050971012768,88078,ACK:client-530
client-531,1746708928653259460,4050971364637,89939,ACK:client-531
client-512,1746708928648979779,4050971796386,4801575,ACK:client-512
client-526,1746708928652801765,4050971399189,582182,ACK:client-526
client-529,1746708928653824873,4050971927734,87627,ACK:client-529
client-517,1746708928655674003,4050973903689,214524,ACK:client-517
client-534,1746708928655020486,4050973210531,174910,ACK:client-534
client-520,1746708928656446114,4050974548897,87747,ACK:client-520
client-538,1746708928657100316,4050975204495,88952,ACK:client-538
client-533,1746708928655246160,4050973419163,157712,ACK:client-533
client-537,1746708928657556047,4050975635278,64045,ACK:client-537
client-535,1746708928656694005,4050974868207,158921,ACK:client-535
client-541,1746708928658671316,4050976818070,131584,ACK:client-541
client-543,1746708928659078834,4050977185849,91779,ACK:client-543
client-539,1746708928659977172,4050978491867,499446,ACK:client-539
client-518,1746708928660339867,4050978873411,518348,ACK:client-518
client-540,1746708928660324904,4050979651138,1310904,ACK:client-540
client-528,1746708928659996083,4050980115520,2104233,ACK:client-528
client-545,1746708928662116635,4050980285569,153672,ACK:client-545
client-546,1746708928661886044,4050980323339,422100,ACK:client-546
client-521,1746708928660057338,4050980176149,2103648,ACK:client-521
client-542,1746708928661623858,4050980384832,745705,ACK:client-542
client-536,1746708928656251411,4050980530713,6264088,ACK:client-536
client-527,1746708928663307526,4050981422779,100144,ACK:client-527
client-547,1746708928663564234,4050981744583,165229,ACK:client-547
client-515,1746708928663504613,4050981760168,240299,ACK:client-515
client-550,1746708928663511036,4050982058564,532329,ACK:client-550
client-523,1746708928661620205,4050982100104,2464686,ACK:client-523
client-532,1746708928660031890,4050982169437,4122297,ACK:client-532
client-549,1746708928664345461,4050982553250,192562,ACK:client-549
client-552,1746708928664672694,4050984318249,1630335,ACK:client-552
client-548,1746708928665768745,4050984747447,963478,ACK:client-548
client-522,1746708928665768740,4050984803582,1019596,ACK:client-522
client-553,1746708928666071577,4050984865271,778467,ACK:client-553
client-544,1746708928664471793,4050985949637,3462592,ACK:client-544
client-551,1746708928666268277,4050987521557,3238078,ACK:client-551
client-557,1746708928672837929,4050992579702,1726496,ACK:client-557
client-554,1746708928672385351,4050992768779,2368186,ACK:client-554
client-555,1746708928672951265,4050992541992,1575499,ACK:client-555
client-559,1746708928674339862,4050992803095,448112,ACK:client-559
client-556,1746708928671936557,4050992612678,2661017,ACK:client-556
client-558,1746708928672103904,4050993710551,3591437,ACK:client-558
client-561,1746708928677605323,4050995691290,70919,ACK:client-561
client-566,1746708928677441205,4050995562442,106037,ACK:client-566
client-565,1746708928678220778,4050996336343,100343,ACK:client-565
client-562,1746708928678317821,4050997437560,1104459,ACK:client-562
client-572,1746708928679185245,4050997588131,387663,ACK:client-572
client-560,1746708928677602071,4050995727122,109902,ACK:client-560
client-569,1746708928679753416,4050997858597,89891,ACK:client-569
client-574,1746708928679935163,4050998113753,163337,ACK:client-574
client-573,1746708928682116796,4051000399532,267449,ACK:client-573
client-579,1746708928682220698,4051001079220,843394,ACK:client-579
client-581,1746708928683483109,4051002334589,836473,ACK:client-581
client-582,1746708928683570773,4051002371154,785152,ACK:client-582
client-563,1746708928679965924,4051004557200,6575984,ACK:client-563
client-580,1746708928681823704,4051005364415,5525442,ACK:client-580
client-568,1746708928685401560,4051005506032,2089378,ACK:client-568
client-571,1746708928685518504,4051005621665,2088031,ACK:client-571
client-564,1746708928681130258,4051005676062,6530552,ACK:client-564
client-577,1746708928688259356,4051006354153,79508,ACK:client-577
client-575,1746708928687440553,4051007333629,1877942,ACK:client-575
client-567,1746708928687440741,4051007445527,1989679,ACK:client-567
client-570,1746708928687557713,4051007392989,1820179,ACK:client-570
client-578,1746708928689841195,4051007944149,87767,ACK:client-578
client-587,1746708928690333671,4051008522156,173246,ACK:client-587
client-590,1746708928690031458,4051008598050,551360,ACK:client-590
client-576,1746708928681444778,4051010471292,11011262,ACK:client-576
client-589,1746708928691788331,4051010432801,629690,ACK:client-589
client-592,1746708928690060817,4051010774291,2698215,ACK:client-592
client-591,1746708928692735913,4051010847579,96529,ACK:client-591
client-583,1746708928692853404,4051010918348,49961,ACK:client-583
client-584,1746708928685446277,4051011015739,7554624,ACK:client-584
client-586,1746708928693086551,4051011372450,270877,ACK:client-586
client-595,1746708928695148494,4051013241272,77483,ACK:client-595
client-596,1746708928696210832,4051014905352,679240,ACK:client-596
client-593,1746708928693652871,4051011953050,284998,ACK:client-593
client-594,1746708928694379816,4051012499395,104390,ACK:client-594
client-597,1746708928696223409,4051016078490,1839792,ACK:client-597
client-585,1746708928690389324,4051012541921,4137406,ACK:client-585
client-600,1746708928697224971,4051015332042,91794,ACK:client-600
client-588,1746708928692416152,4051012591468,2160142,ACK:client-588
client-599,1746708928697475148,4051015604766,114441,ACK:client-599
client-598,1746708928698723563,4051016828425,90737,ACK:client-598
client-601,1746708928698019626,4051016865737,830988,ACK:client-601
client-604,1746708928699490117,4051017653356,148342,ACK:client-604
client-607,1746708928700724404,4051019357764,618209,ACK:client-607
client-603,1746708928701130301,4051019394703,249210,ACK:client-603
client-606,1746708928702103953,4051020189770,70697,ACK:client-606
client-608,1746708928701852388,4051019969695,102041,ACK:client-608
client-602,1746708928698493124,4051019172578,2664230,ACK:client-602
client-605,1746708928701276698,4051020056768,764854,ACK:client-605
client-609,1746708928704276089,4051022678086,386952,ACK:client-609
client-610,1746708928704276085,4051022630632,339475,ACK:client-610
client-611,1746708928705058881,4051023488587,415006,ACK:client-611
client-614,1746708928706278822,4051024403496,109698,ACK:client-614
client-612,1746708928707795379,4051025993520,182933,ACK:client-612
client-615,1746708928707910189,4051026156878,231361,ACK:client-615
client-617,1746708928708528428,4051027087628,544028,ACK:client-617
client-613,1746708928708388388,4051027024337,620946,ACK:client-613
client-618,1746708928708260118,4051026974058,698672,ACK:client-618
client-616,1746708928708236880,4051026918562,666418,ACK:client-616
client-620,1746708928711603908,4051029743791,124738,ACK:client-620
client-621,1746708928711898508,4051029994218,80441,ACK:client-621
client-619,1746708928711098317,4051029284632,171179,ACK:client-619
client-625,1746708928713699702,4051031931479,216920,ACK:client-625
client-622,1746708928712290844,4051031543879,1237787,ACK:client-622
client-623,1746708928714525030,4051032646523,106367,ACK:client-623
client-624,1746708928713728315,4051032889994,1146491,ACK:client-624
client-626,1746708928715349832,4051033510594,145685,ACK:client-626
client-628,1746708928716551805,4051034639197,72199,ACK:client-628
client-631,1746708928717627574,4051035841699,198911,ACK:client-631
client-630,1746708928717536367,4051035873162,321542,ACK:client-630
client-627,1746708928715788860,4051033896746,92640,ACK:client-627
client-629,1746708928717536395,4051035933444,381848,ACK:client-629
client-634,1746708928719034309,4051037133264,83827,ACK:client-634
client-633,1746708928718908014,4051037011456,88356,ACK:client-633
client-635,1746708928719842270,4051038822885,965513,ACK:client-635
client-632,1746708928720456645,4051038779124,307274,ACK:client-632
client-636,1746708928719842262,4051038114091,256727,ACK:client-636
client-637,1746708928720639042,4051038902906,248694,ACK:client-637
client-638,1746708928721358860,4051039802166,428110,ACK:client-638
client-640,1746708928722310705,4051040659784,333830,ACK:client-640
client-639,1746708928721488157,4051040054303,551187,ACK:client-639
client-641,1746708928722310659,4051040640713,314770,ACK:client-641
client-642,1746708928723334245,4051041434694,85240,ACK:client-642
client-645,1746708928724301285,4051042612608,296099,ACK:client-645
client-643,1746708928724094592,4051042572887,463098,ACK:client-643
client-646,1746708928724243252,4051042610121,351586,ACK:client-646
client-644,1746708928724500398,4051044366832,1851271,ACK:client-644
client-648,1746708928726050116,4051044438162,372828,ACK:client-648
client-649,1746708928726422249,4051044516031,78564,ACK:client-649
client-651,1746708928726317317,4051044403987,71394,ACK:client-651
client-650,1746708928726597592,4051044696457,83549,ACK:client-650
client-647,1746708928727750173,4051045896500,131164,ACK:client-647
client-652,1746708928729123510,4051047401965,263295,ACK:client-652
client-655,1746708928729164021,4051047667341,488616,ACK:client-655
client-658,1746708928730093902,4051048253987,144889,ACK:client-658
client-653,1746708928730198790,4051048302432,88365,ACK:client-653
client-659,1746708928731144730,4051052134790,2974841,ACK:client-659
client-662,1746708928732425309,4051052735716,2295224,ACK:client-662
client-656,1746708928730892422,4051052577974,3670282,ACK:client-656
client-661,1746708928731873754,4051052380149,2491253,ACK:client-661
client-654,1746708928729123476,4051052782497,5643850,ACK:client-654
client-667,1746708928734675614,4051053852619,1162220,ACK:client-667
client-663,1746708928732727038,4051052918981,2176721,ACK:client-663
client-657,1746708928734901420,4051053762030,845397,ACK:client-657
client-666,1746708928734732162,4051053896854,1149471,ACK:client-666
client-664,1746708928736518692,4051054703774,169987,ACK:client-664
client-665,1746708928734283088,4051053938444,1640220,ACK:client-665
client-660,1746708928734826247,4051053388156,546897,ACK:client-660
client-673,1746708928738483227,4051056663625,165234,ACK:client-673
client-672,1746708928736904406,4051055902842,983186,ACK:client-672
client-670,1746708928739086179,4051057163452,62047,ACK:client-670
client-668,1746708928738542885,4051056631234,73274,ACK:client-668
client-669,1746708928737829050,4051056058435,214208,ACK:client-669
client-674,1746708928738408599,4051056930482,506615,ACK:client-674
client-675,1746708928740483001,4051058662982,164912,ACK:client-675
client-671,1746708928738821094,4051056890244,53932,ACK:client-671
client-677,1746708928741778404,4051060338690,545055,ACK:client-677
client-678,1746708928741694066,4051060291576,582465,ACK:client-678
client-676,1746708928742071532,4051060492190,405413,ACK:client-676
client-679,1746708928742223583,4051060542445,303646,ACK:client-679
client-681,1746708928743292108,4051062849374,1542178,ACK:client-681
client-680,1746708928744046645,4051063439909,1378066,ACK:client-680
client-685,1746708928745350105,4051063454092,88976,ACK:client-685
client-684,1746708928745180461,4051063633296,437807,ACK:client-684
client-687,1746708928746545290,4051065073180,512866,ACK:client-687
client-686,1746708928747011581,4051065148521,121797,ACK:client-686
client-690,1746708928748770518,4051067465604,679792,ACK:client-690
client-682,1746708928749204426,4051067507313,287769,ACK:client-682
client-683,1746708928748938050,4051067504536,551265,ACK:client-683
client-691,1746708928748014349,4051067250693,1221123,ACK:client-691
client-688,1746708928748138462,4051067292847,1139185,ACK:client-688
client-689,1746708928748376732,4051067329452,937517,ACK:client-689
client-693,1746708928749900813,4051068107871,191719,ACK:client-693
client-692,1746708928749253013,4051068147691,879533,ACK:client-692
client-694,1746708928751475945,4051069710770,220095,ACK:client-694
client-695,1746708928752127884,4051070250402,107313,ACK:client-695
client-698,1746708928753408149,4051071792407,369047,ACK:client-698
client-700,1746708928753983315,4051072193884,195330,ACK:client-700
client-697,1746708928753098057,4051071833769,720525,ACK:client-697
client-696,1746708928752730786,4051071871545,1125499,ACK:client-696
client-699,1746708928754454005,4051072654748,185455,ACK:client-699
client-701,1746708928755318930,4051073425216,91033,ACK:client-701
client-702,1746708928757474752,4051075788849,298948,ACK:client-702
client-706,1746708928757423504,4051075827270,388550,ACK:client-706
client-705,1746708928757041822,4051075752549,695505,ACK:client-705
client-704,1746708928757100721,4051075855257,739251,ACK:client-704
client-707,1746708928759100700,4051077621470,505645,ACK:client-707
client-714,1746708928762275492,4051081617572,1326955,ACK:client-714
client-713,1746708928762243664,4051081670169,1411438,ACK:client-713
client-711,1746708928763762736,4051081989090,211139,ACK:client-711
client-722,1746708928766347477,4051084482281,119647,ACK:client-722
client-703,1746708928758306814,4051078451993,2129917,ACK:client-703
client-715,1746708928762791212,4051082056139,1249740,ACK:client-715
client-708,1746708928762953039,4051082120190,1152247,ACK:client-708
client-720,1746708928767070245,4051085873914,788520,ACK:client-720
client-717,1746708928767907577,4051086217643,294906,ACK:client-717
client-721,1746708928767187553,4051085683422,480720,ACK:client-721
client-726,1746708928767654366,4051085905674,236125,ACK:client-726
client-730,1746708928769165619,4051087271535,90681,ACK:client-730
client-729,1746708928769474589,4051089946318,2456445,ACK:client-729
client-712,1746708928764886305,4051083081612,180060,ACK:client-712
client-735,1746708928771790649,4051089984056,178275,ACK:client-735
client-716,1746708928765071769,4051083214874,128474,ACK:client-716
client-732,1746708928771041750,4051090044321,987485,ACK:client-732
client-727,1746708928770032454,4051091557384,3509648,ACK:client-727
client-734,1746708928773039996,4051091661485,606243,ACK:client-734
client-738,1746708928774151645,4051092274641,107808,ACK:client-738
client-723,1746708928772522901,4051091708959,1170880,ACK:client-723
client-736,1746708928773462917,4051091634873,156725,ACK:client-736
client-710,1746708928769776644,4051093784893,5993064,ACK:client-710
client-740,1746708928774935969,4051093901360,950364,ACK:client-740
client-745,1746708928775885732,4051094546701,645747,ACK:client-745
client-728,1746708928776090027,4051094566343,461151,ACK:client-728
client-731,1746708928775765843,4051093953639,172645,ACK:client-731
client-741,1746708928776305598,4051094663746,342920,ACK:client-741
client-742,1746708928778067245,4051096181199,98801,ACK:client-742
client-750,1746708928779570930,4051097759791,173687,ACK:client-750
client-709,1746708928775492514,4051097795361,4287722,ACK:client-709
client-724,1746708928777350435,4051095540047,174422,ACK:client-724
client-743,1746708928780033041,4051098216727,168412,ACK:client-743
client-718,1746708928778755424,4051098256005,1485619,ACK:client-718
client-751,1746708928780877951,4051098993854,100683,ACK:client-751
client-737,1746708928773040014,4051091397424,342185,ACK:client-737
client-753,1746708928781033722,4051099270275,221348,ACK:client-753
client-752,1746708928781486107,4051099594517,93228,ACK:client-752
client-719,1746708928782171431,4051100313835,127298,ACK:client-719
client-733,1746708928782543997,4051100731829,172643,ACK:client-733
client-746,1746708928782532657,4051100840817,292942,ACK:client-746
client-725,1746708928782675520,4051101507084,816487,ACK:client-725
client-757,1746708928783679994,4051101786802,91580,ACK:client-757
client-744,1746708928778330327,4051096437949,92476,ACK:client-744
client-739,1746708928781115587,4051099520807,389979,ACK:client-739
client-754,1746708928782609629,4051100868849,243995,ACK:client-754
client-755,1746708928782915633,4051101414638,483813,ACK:client-755
client-747,1746708928785790325,4051105156491,1350917,ACK:client-747
client-763,1746708928786057026,4051104332543,260318,ACK:client-763
client-762,1746708928787011289,4051105155090,128696,ACK:client-762
client-759,1746708928786023647,4051104402401,364144,ACK:client-759
client-760,1746708928785360237,4051104440212,1064809,ACK:client-760
client-761,1746708928785883755,4051104786630,887699,ACK:client-761
client-748,1746708928787523497,4051105713894,175206,ACK:client-748
client-767,1746708928789118753,4051107673507,539609,ACK:client-767
client-758,1746708928787002899,4051105226356,208591,ACK:client-758
client-764,1746708928789118786,4051107854707,720786,ACK:client-764
client-749,1746708928782645158,4051105265769,4605518,ACK:client-749
client-768,1746708928789608745,4051108406667,782752,ACK:client-768
client-756,1746708928790530617,4051108661602,116067,ACK:client-756
client-765,1746708928789349447,4051107443408,78713,ACK:client-765
client-766,1746708928791149039,4051109298469,134387,ACK:client-766
client-769,1746708928792243726,4051110341076,82217,ACK:client-769
client-774,1746708928792352258,4051110464512,96981,ACK:client-774
client-770,1746708928791855481,4051109971164,100491,ACK:client-770
client-771,1746708928792552326,4051110625180,57635,ACK:client-771
client-775,1746708928795220190,4051113652270,416866,ACK:client-775
client-772,1746708928794252827,4051113617926,1349967,ACK:client-772
client-773,1746708928794218546,4051113679773,1446103,ACK:client-773
client-777,1746708928796167847,4051115113420,930341,ACK:client-777
client-780,1746708928796938620,4051115497380,543570,ACK:client-780
client-778,1746708928797059416,4051115212960,138347,ACK:client-778
client-776,1746708928797537832,4051115662012,109033,ACK:client-776
client-785,1746708928799509087,4051118348565,824441,ACK:client-785
client-786,1746708928799509335,4051118395593,871026,ACK:client-786
client-779,1746708928800122891,4051119290491,1152417,ACK:client-779
client-788,1746708928801131636,4051119702140,555263,ACK:client-788
client-782,1746708928801615911,4051119745417,114401,ACK:client-782
client-781,1746708928798294358,4051116414530,104984,ACK:client-781
client-787,1746708928802635796,4051121333079,682112,ACK:client-787
client-790,1746708928803282255,4051121381794,84352,ACK:client-790
client-795,1746708928803523445,4051123083666,1545023,ACK:client-795
client-784,1746708928803843169,4051122243893,385490,ACK:client-784
client-789,1746708928802805471,4051121373105,552421,ACK:client-789
client-783,1746708928803030748,4051121407550,361521,ACK:client-783
client-799,1746708928805469300,4051123635055,150658,ACK:client-799
client-796,1746708928806083296,4051124195906,97450,ACK:client-796
client-800,1746708928807010542,4051125195451,169665,ACK:client-800
client-801,1746708928807584025,4051125693932,94793,ACK:client-801
client-803,1746708928808007472,4051126164363,141659,ACK:client-803
client-806,1746708928808085049,4051126184172,83890,ACK:client-806
client-805,1746708928809651457,4051129423294,1756620,ACK:client-805
client-794,1746708928810631936,4051129389385,742201,ACK:client-794
client-797,1746708928811338217,4051129547469,194036,ACK:client-797
client-807,1746708928808448469,4051129586824,3123171,ACK:client-807
client-808,1746708928809615254,4051133458143,5827661,ACK:client-808
client-793,1746708928815983107,4051134646385,648711,ACK:client-793
client-822,1746708928815048108,4051134964116,1900824,ACK:client-822
client-809,1746708928812168171,4051135015636,4832234,ACK:client-809
client-820,1746708928814503641,4051134985848,2466909,ACK:client-820
client-814,1746708928813747466,4051135055974,3293301,ACK:client-814
client-811,1746708928815422185,4051135059784,1622329,ACK:client-811
client-812,1746708928810631952,4051135103825,6456592,ACK:client-812
client-810,1746708928814444554,4051135272188,2812368,ACK:client-810
client-821,1746708928815462220,4051135325114,1847571,ACK:client-821
client-804,1746708928811638956,4051137017148,7362996,ACK:client-804
client-816,1746708928812399898,4051136463023,6047866,ACK:client-816
client-802,1746708928812168158,4051137073679,6890255,ACK:client-802
client-791,1746708928812077127,4051136324728,6232792,ACK:client-791
client-792,1746708928815320301,4051137469547,4134131,ACK:client-792
client-829,1746708928817528497,4051138720583,3177288,ACK:client-829
client-835,1746708928819784377,4051138768248,968852,ACK:client-835
client-813,1746708928811965525,4051136500430,6519667,ACK:client-813
client-819,1746708928819409388,4051143921447,6496905,ACK:client-819
client-798,1746708928816157533,4051143869126,9696338,ACK:client-798
client-836,1746708928820253668,4051143955906,5687186,ACK:client-836
client-823,1746708928818068075,4051143918734,7835461,ACK:client-823
client-828,1746708928817206672,4051143879505,8657667,ACK:client-828
client-825,1746708928818567437,4051143962871,7380256,ACK:client-825
client-831,1746708928821999956,4051144690383,4675229,ACK:client-831
client-818,1746708928819251666,4051144023654,6756746,ACK:client-818
client-837,1746708928822305300,4051144747808,4427306,ACK:client-837
client-815,1746708928821999917,4051145197044,5181975,ACK:client-815
client-834,1746708928820449541,4051144065978,5601226,ACK:client-834
client-824,1746708928827141393,4051145405704,249161,ACK:client-824
client-840,1746708928822414796,4051144789474,4359706,ACK:client-840
client-846,1746708928826631256,4051145475771,829254,ACK:client-846
client-845,1746708928826902230,4051145504862,587433,ACK:client-845
client-838,1746708928823191402,4051144831109,3624457,ACK:client-838
client-817,1746708928823453486,4051145235174,3766524,ACK:client-817
client-827,1746708928823520833,4051144872816,3336679,ACK:client-827
client-826,1746708928825827846,4051145424853,1581742,ACK:client-826
client-841,1746708928824303916,4051144913491,2594415,ACK:client-841
client-847,1746708928825564393,4051144951853,1372491,ACK:client-847
client-832,1746708928826313605,4051145533108,1204286,ACK:client-832
client-848,1746708928825805850,4051144987511,1166414,ACK:client-848
client-833,1746708928829398732,4051147590527,176552,ACK:client-833
client-830,1746708928828695602,4051146889307,178523,ACK:client-830
client-852,1746708928830061141,4051148169997,93715,ACK:client-852
client-844,1746708928831721569,4051149819166,82789,ACK:client-844
client-855,1746708928831278661,4051149787952,494064,ACK:client-855
client-853,1746708928830760639,4051153679770,4903853,ACK:client-853
client-850,1746708928834791925,4051153747421,940591,ACK:client-850
client-858,1746708928834200375,4051156563154,4347672,ACK:client-858
client-854,1746708928835419644,4051156494554,3059691,ACK:client-854
client-856,1746708928837390477,4051156689476,1284324,ACK:client-856
client-857,1746708928835717228,4051156599162,2866713,ACK:client-857
client-859,1746708928836215102,4051156412282,2182038,ACK:client-859
client-849,1746708928834448455,4051157735697,5271967,ACK:client-849
client-843,1746708928831566768,4051157780285,8198308,ACK:client-843
client-851,1746708928838327967,4051157689284,1346119,ACK:client-851
client-866,1746708928839501192,4051158785408,1269004,ACK:client-866
client-842,1746708928835419722,4051157821902,4386930,ACK:client-842
client-839,1746708928834059975,4051157859452,5784505,ACK:client-839
client-862,1746708928842116992,4051160470038,337855,ACK:client-862
client-870,1746708928841072214,4051159452744,365416,ACK:client-870
client-864,1746708928840828233,4051160498942,1658779,ACK:client-864
client-863,1746708928841202636,4051163747783,4529841,ACK:client-863
client-877,1746708928845097306,4051163797397,684858,ACK:client-877
client-875,1746708928845119698,4051164109193,974254,ACK:client-875
client-869,1746708928840432351,4051161501268,3053742,ACK:client-869
client-874,1746708928845631282,4051163741110,94678,ACK:client-874
client-873,1746708928844208505,4051164593324,2369538,ACK:client-873
client-879,1746708928846533996,4051164634177,85287,ACK:client-879
client-861,1746708928839743738,4051163107752,5348829,ACK:client-861
client-860,1746708928843648227,4051163391339,1728025,ACK:client-860
client-868,1746708928844945752,4051164083759,1122821,ACK:client-868
client-871,1746708928843031526,4051163829374,2782972,ACK:client-871
client-880,1746708928848935371,4051167063458,112904,ACK:client-880
client-865,1746708928847148284,4051165289393,126045,ACK:client-865
client-867,1746708928843811112,4051165335152,3508802,ACK:client-867
client-883,1746708928850478099,4051169575454,1082289,ACK:client-883
client-885,1746708928851083937,4051169627713,528628,ACK:client-885
client-878,1746708928851065801,4051169697854,616936,ACK:client-878
client-882,1746708928851175748,4051169767577,576666,ACK:client-882
client-876,1746708928850742738,4051172189614,3431676,ACK:client-876
client-872,1746708928848576771,4051167175089,583139,ACK:client-872
client-886,1746708928852177463,4051170337249,144672,ACK:client-886
client-890,1746708928853859486,4051172795716,921437,ACK:client-890
client-894,1746708928854649274,4051172766567,102586,ACK:client-894
client-887,1746708928854335823,4051172825595,474511,ACK:client-887
client-881,1746708928850497152,4051173883413,5371104,ACK:client-881
client-893,1746708928855590223,4051174290584,685032,ACK:client-893
client-888,1746708928855590148,4051174259107,653717,ACK:client-888
client-895,1746708928856594270,4051174695596,86076,ACK:client-895
client-898,1746708928856135350,4051174319623,169115,ACK:client-898
client-897,1746708928857098384,4051175625893,512339,ACK:client-897
client-884,1746708928853097014,4051177430127,6317831,ACK:client-884
client-901,1746708928859211264,4051178981301,1754778,ACK:client-901
client-904,1746708928860898561,4051180402286,1488894,ACK:client-904
client-889,1746708928861255424,4051180800730,1530360,ACK:client-889
client-900,1746708928860190878,4051180455923,2250046,ACK:client-900
client-896,1746708928865272776,4051183574153,286261,ACK:client-896
client-909,1746708928863219923,4051183611850,2376841,ACK:client-909
client-892,1746708928863689902,4051184285733,2580577,ACK:client-892
client-912,1746708928865400437,4051184327780,912056,ACK:client-912
client-902,1746708928865357704,4051184357622,984672,ACK:client-902
client-903,1746708928863523074,4051184234790,2696472,ACK:client-903
client-918,1746708928865492520,4051184390230,882779,ACK:client-918
client-906,1746708928863259703,4051184423424,3148634,ACK:client-906
client-899,1746708928866801414,4051184903366,86770,ACK:client-899
client-913,1746708928865212424,4051184463121,1235546,ACK:client-913
client-891,1746708928857734986,4051185379639,9629496,ACK:client-891
client-910,1746708928866932024,4051185453290,506033,ACK:client-910
client-905,1746708928867609700,4051185720821,95843,ACK:client-905
client-914,1746708928868028907,4051186158857,114746,ACK:client-914
client-907,1746708928867815440,4051186185985,355257,ACK:client-907
client-919,1746708928868501058,4051186599669,83394,ACK:client-919
client-921,1746708928869344855,4051187462566,102615,ACK:client-921
client-926,1746708928870973349,4051189135248,146673,ACK:client-926
client-916,1746708928871249917,4051189476193,211016,ACK:client-916
client-927,1746708928871291576,4051189447861,140998,ACK:client-927
client-924,1746708928870484169,4051189728900,1229454,ACK:client-924
client-925,1746708928870484167,4051189668974,1169533,ACK:client-925
client-917,1746708928872129677,4051190256844,112354,ACK:client-917
client-923,1746708928868228985,4051190402168,4158058,ACK:client-923
client-911,1746708928869748206,4051192065573,4302129,ACK:client-911
client-929,1746708928872966947,4051191107277,125191,ACK:client-929
client-922,1746708928873700285,4051191808072,92514,ACK:client-922
client-928,1746708928873136885,4051191238578,86421,ACK:client-928
client-935,1746708928875370150,4051193490534,105133,ACK:client-935
client-932,1746708928874477518,4051193533634,1040912,ACK:client-932
client-936,1746708928875637916,4051193804453,151318,ACK:client-936
client-942,1746708928877612819,4051195730024,101992,ACK:client-942
client-931,1746708928876704396,4051195769234,1049598,ACK:client-931
client-915,1746708928876142817,4051196754964,2597883,ACK:client-915
client-920,1746708928871662434,4051196800561,7122985,ACK:client-920
client-908,1746708928874009012,4051196877863,4853689,ACK:client-908
client-934,1746708928875101167,4051196840276,3723886,ACK:client-934
client-938,1746708928878673497,4051197602439,913863,ACK:client-938
client-937,1746708928878563281,4051197562108,983715,ACK:client-937
client-933,1746708928878694401,4051198247224,1537580,ACK:client-933
client-930,1746708928879967214,4051198743823,761350,ACK:client-930
client-943,1746708928879145243,4051198780538,1620136,ACK:client-943
client-944,1746708928881201420,4051199314056,97441,ACK:client-944
client-946,1746708928881257286,4051199403571,131047,ACK:client-946
client-939,1746708928881267070,4051199430852,148699,ACK:client-939
client-941,1746708928880995173,4051199609021,599128,ACK:client-941
client-940,1746708928881892668,4051200076413,168538,ACK:client-940
client-945,1746708928883145714,4051201381551,220653,ACK:client-945
client-947,1746708928883393391,4051201586367,177858,ACK:client-947
client-950,1746708928884421359,4051205711993,3275507,ACK:client-950
client-952,1746708928885831623,4051205751625,1905179,ACK:client-952
client-954,1746708928886676406,4051205774794,1083646,ACK:client-954
client-955,1746708928887907718,4051206276219,353223,ACK:client-955
client-949,1746708928883899045,4051205826458,3912218,ACK:client-949
client-953,1746708928887555937,4051206307250,736188,ACK:client-953
client-951,1746708928885964769,4051205879672,1899713,ACK:client-951
client-948,1746708928884532907,4051207699034,5150930,ACK:client-948
client-958,1746708928888604404,4051209632616,3013054,ACK:client-958
client-957,1746708928889559891,4051209688942,2113814,ACK:client-957
client-956,1746708928890651848,4051210105619,1438626,ACK:client-956
client-961,1746708928891519002,4051210201012,667002,ACK:client-961
client-963,1746708928893631483,4051211766838,120098,ACK:client-963
client-966,1746708928893078297,4051212306027,1212534,ACK:client-966
client-976,1746708928896646649,4051217242231,2580322,ACK:client-976
client-962,1746708928897695205,4051218163799,2453415,ACK:client-962
client-974,1746708928896758571,4051218221993,3448161,ACK:client-974
client-964,1746708928896096239,4051219546774,5435534,ACK:client-964
client-988,1746708928902749292,4051221461297,696746,ACK:client-988
client-975,1746708928901092563,4051221585381,2477571,ACK:client-975
client-980,1746708928903831250,4051223110662,1264309,ACK:client-980
client-985,1746708928904404489,4051223176300,756558,ACK:client-985
client-968,1746708928902072350,4051223288478,3202883,ACK:client-968
client-967,1746708928902033051,4051223331037,3282776,ACK:client-967
client-971,1746708928899729958,4051223406049,5660894,ACK:client-971
client-965,1746708928896647606,4051223370625,8707815,ACK:client-965
client-984,1746708928901159245,4051223440918,4266457,ACK:client-984
client-959,1746708928889386582,4051223489506,16087720,ACK:client-959
client-978,1746708928905658697,4051223783093,109296,ACK:client-978
client-981,1746708928905807670,4051224260481,437670,ACK:client-981
client-992,1746708928906870778,4051224978267,92608,ACK:client-992
client-972,1746708928908102075,4051226471525,354363,ACK:client-972
client-986,1746708928908179894,4051226409817,214779,ACK:client-986
client-989,1746708928908228307,4051226510816,267275,ACK:client-989
client-982,1746708928908556404,4051226791834,220293,ACK:client-982
client-999,1746708928909724626,4051227870982,131120,ACK:client-999
client-969,1746708928910227532,4051228435909,193153,ACK:client-969
client-993,1746708928906378408,4051228475660,4082191,ACK:client-993
client-977,1746708928911024079,4051229142269,103017,ACK:client-977
client-960,1746708928899142628,4051229216004,12058314,ACK:client-960
client-1000,1746708928911226850,4051229881565,640175,ACK:client-1000
client-970,1746708928897695211,4051231264096,15553745,ACK:client-970
client-979,1746708928901622811,4051231464333,11826373,ACK:client-979
client-991,1746708928913310927,4051231408721,82676,ACK:client-991
client-983,1746708928913818305,4051231902563,69078,ACK:client-983
client-995,1746708928913760150,4051231920476,145229,ACK:client-995
client-973,1746708928913757087,4051231874253,102060,ACK:client-973
client-996,1746708928914300007,4051232472365,157143,ACK:client-996
client-987,1746708928914356434,4051232459270,87729,ACK:client-987
client-998,1746708928913023418,4051232984448,1945945,ACK:client-998
client-997,1746708928914915870,4051233058830,127697,ACK:client-997
client-990,1746708928913693387,4051233071209,1362606,ACK:client-990
client-994,1746708928915163930,4051233235186,56132,ACK:client-994
